destination,passanger,weather,temperature,time,coupon,expiration,gender,age,maritalStatus,has_children,education,occupation,income,car,Bar,CoffeeHouse,CarryAway,RestaurantLessThan20,Restaurant20To50,toCoupon_GEQ5min,toCoupon_GEQ15min,toCoupon_GEQ25min,direction_same,direction_opp,Y
Work,Alone,Sunny,80,7AM,Carry out & Take away,1d,Male,26,Single,0,Associates degree,Unemployed,Less than $12500,,less1,never,1~3,less1,less1,1,1,1,0,1,1
Work,Alone,Sunny,80,7AM,Carry out & Take away,1d,Male,26,Single,0,Associates degree,Unemployed,Less than $12500,,less1,never,1~3,less1,less1,1,1,1,0,1,1
Work,Alone,Sunny,80,7AM,Carry out & Take away,1d,Male,26,Single,0,Graduate degree (Masters or Doctorate),Management,$25000 - $37499,,4~8,gt8,gt8,4~8,less1,1,1,1,0,1,1
Work,Alone,Sunny,80,7AM,Carry out & Take away,1d,Male,26,Single,0,Graduate degree (Masters or Doctorate),Management,$25000 - $37499,,4~8,gt8,gt8,4~8,less1,1,1,1,0,1,1
Work,Alone,Sunny,80,7AM,Carry out & Take away,1d,Female,26,Single,0,Bachelors degree,Education&Training&Library,$50000 - $62499,,1~3,never,4~8,1~3,less1,1,1,1,0,1,1
Work,Alone,Sunny,80,7AM,Carry out & Take away,1d,Female,26,Single,0,Bachelors degree,Education&Training&Library,$50000 - $62499,,1~3,never,4~8,1~3,less1,1,1,1,0,1,1
Work,Alone,Sunny,80,7AM,Carry out & Take away,1d,Female,46,Single,0,Some college - no degree,Protective Service,$25000 - $37499,,1~3,never,4~8,1~3,1~3,1,1,1,0,1,1
Work,Alone,Sunny,80,7AM,Carry out & Take away,1d,Female,46,Single,0,Some college - no degree,Protective Service,$25000 - $37499,,1~3,never,4~8,1~3,1~3,1,1,1,0,1,1
Work,Alone,Sunny,80,7AM,Carry out & Take away,1d,Female,21,Single,0,Bachelors degree,Life Physical Social Science,$37500 - $49999,,less1,never,less1,1~3,never,1,1,1,0,1,0
Work,Alone,Sunny,80,7AM,Carry out & Take away,1d,Female,21,Single,0,Bachelors degree,Life Physical Social Science,$37500 - $49999,,less1,never,less1,1~3,never,1,1,1,0,1,0
Work,Alone,Sunny,80,7AM,Carry out & Take away,1d,Female,36,Single,1,Graduate degree (Masters or Doctorate),Education&Training&Library,$37500 - $49999,,less1,never,4~8,1~3,less1,1,1,1,0,1,1
Work,Alone,Sunny,80,7AM,Carry out & Take away,1d,Female,36,Single,1,Graduate degree (Masters or Doctorate),Education&Training&Library,$37500 - $49999,,less1,never,4~8,1~3,less1,1,1,1,0,1,1
Work,Alone,Sunny,80,7AM,Carry out & Take away,1d,Female,26,Single,0,Bachelors degree,Unemployed,$25000 - $37499,,never,less1,1~3,4~8,never,1,1,1,0,1,0
Work,Alone,Sunny,80,7AM,Carry out & Take away,1d,Female,26,Single,0,Bachelors degree,Unemployed,$25000 - $37499,,never,less1,1~3,4~8,never,1,1,1,0,1,0
Work,Alone,Sunny,80,7AM,Carry out & Take away,1d,Female,26,Unmarried partner,0,Graduate degree (Masters or Doctorate),Education&Training&Library,$37500 - $49999,,never,1~3,1~3,1~3,less1,1,1,1,0,1,1
Work,Alone,Sunny,80,7AM,Carry out & Take away,1d,Female,26,Unmarried partner,0,Graduate degree (Masters or Doctorate),Education&Training&Library,$37500 - $49999,,never,1~3,1~3,1~3,less1,1,1,1,0,1,1
Work,Alone,Sunny,80,7AM,Carry out & Take away,1d,Male,below21,Single,0,Some college - no degree,Student,$87500 - $99999,,never,4~8,,4~8,less1,1,1,1,0,1,1
Work,Alone,Sunny,80,7AM,Carry out & Take away,1d,Male,below21,Single,0,Some college - no degree,Student,$87500 - $99999,,never,4~8,,4~8,less1,1,1,1,0,1,1
Work,Alone,Sunny,80,7AM,Carry out & Take away,1d,Female,50plus,Single,0,Bachelors degree,Retired,$37500 - $49999,,never,never,less1,4~8,less1,1,1,1,0,1,1
Work,Alone,Sunny,80,7AM,Carry out & Take away,1d,Female,50plus,Single,0,Bachelors degree,Retired,$37500 - $49999,,never,never,less1,4~8,less1,1,1,1,0,1,1
Work,Alone,Sunny,80,7AM,Carry out & Take away,1d,Male,21,Single,0,High School Graduate,Student,$37500 - $49999,,less1,never,less1,less1,never,1,1,1,0,1,1
Work,Alone,Sunny,80,7AM,Carry out & Take away,1d,Male,21,Single,0,High School Graduate,Student,$37500 - $49999,,less1,never,less1,less1,never,1,1,1,0,1,1
Work,Alone,Sunny,80,7AM,Carry out & Take away,1d,Female,31,Single,0,Bachelors degree,Community & Social Services,$50000 - $62499,,4~8,1~3,1~3,1~3,less1,1,1,1,0,1,1
Work,Alone,Sunny,80,7AM,Carry out & Take away,1d,Female,31,Single,0,Bachelors degree,Community & Social Services,$50000 - $62499,,4~8,1~3,1~3,1~3,less1,1,1,1,0,1,1
Work,Alone,Sunny,80,7AM,Carry out & Take away,1d,Female,21,Single,0,Some college - no degree,Sales & Related,$12500 - $24999,,never,1~3,4~8,1~3,never,1,1,1,0,1,1
Work,Alone,Sunny,80,7AM,Carry out & Take away,1d,Female,21,Single,0,Some college - no degree,Sales & Related,$12500 - $24999,,never,1~3,4~8,1~3,never,1,1,1,0,1,1
Work,Alone,Sunny,80,7AM,Carry out & Take away,1d,Male,below21,Single,0,Some college - no degree,Student,$62500 - $74999,,never,1~3,4~8,1~3,less1,1,1,1,0,1,1
Work,Alone,Sunny,80,7AM,Carry out & Take away,1d,Male,below21,Single,0,Some college - no degree,Student,$62500 - $74999,,never,1~3,4~8,1~3,less1,1,1,1,0,1,1
Work,Alone,Sunny,80,7AM,Carry out & Take away,1d,Male,31,Single,0,High School Graduate,Production Occupations,$25000 - $37499,,1~3,never,4~8,1~3,less1,1,1,1,0,1,1
Work,Alone,Sunny,80,7AM,Carry out & Take away,1d,Male,31,Single,0,High School Graduate,Production Occupations,$25000 - $37499,,1~3,never,4~8,1~3,less1,1,1,1,0,1,1
Work,Alone,Sunny,80,7AM,Carry out & Take away,1d,Male,21,Single,0,Bachelors degree,Sales & Related,$100000 or More,,less1,4~8,1~3,4~8,1~3,1,1,1,0,1,1
Work,Alone,Sunny,80,7AM,Carry out & Take away,1d,Male,21,Single,0,Bachelors degree,Sales & Related,$100000 or More,,less1,4~8,1~3,4~8,1~3,1,1,1,0,1,1
Work,Alone,Sunny,80,7AM,Carry out & Take away,1d,Female,21,Single,0,High School Graduate,Unemployed,$100000 or More,,never,never,less1,never,never,1,1,1,0,1,1
Work,Alone,Sunny,80,7AM,Carry out & Take away,1d,Female,21,Single,0,High School Graduate,Unemployed,$100000 or More,,never,never,less1,never,never,1,1,1,0,1,1
Work,Alone,Sunny,80,7AM,Carry out & Take away,1d,Male,21,Single,0,Bachelors degree,Computer & Mathematical,$12500 - $24999,,less1,1~3,gt8,gt8,1~3,1,1,1,0,1,1
Work,Alone,Sunny,80,7AM,Carry out & Take away,1d,Male,21,Single,0,Bachelors degree,Computer & Mathematical,$12500 - $24999,,less1,1~3,gt8,gt8,1~3,1,1,1,0,1,1
Work,Alone,Sunny,80,7AM,Carry out & Take away,1d,Male,21,Single,0,High School Graduate,Unemployed,$25000 - $37499,,less1,1~3,4~8,1~3,less1,1,1,1,0,1,0
Work,Alone,Sunny,80,7AM,Carry out & Take away,1d,Male,21,Single,0,High School Graduate,Unemployed,$25000 - $37499,,less1,1~3,4~8,1~3,less1,1,1,1,0,1,0
Work,Alone,Sunny,80,7AM,Carry out & Take away,1d,Female,21,Single,0,Some college - no degree,Student,$50000 - $62499,,never,never,never,gt8,less1,1,1,1,0,1,1
Work,Alone,Sunny,80,7AM,Carry out & Take away,1d,Female,21,Single,0,Some college - no degree,Student,$50000 - $62499,,never,never,never,gt8,less1,1,1,1,0,1,1
Work,Alone,Sunny,80,7AM,Carry out & Take away,1d,Female,50plus,Single,0,Graduate degree (Masters or Doctorate),Education&Training&Library,$12500 - $24999,,never,never,4~8,4~8,less1,1,1,1,0,1,1
Work,Alone,Sunny,80,7AM,Carry out & Take away,1d,Female,50plus,Single,0,Graduate degree (Masters or Doctorate),Education&Training&Library,$12500 - $24999,,never,never,4~8,4~8,less1,1,1,1,0,1,1
Work,Alone,Sunny,80,7AM,Carry out & Take away,1d,Female,50plus,Single,0,Bachelors degree,Unemployed,Less than $12500,,never,never,less1,less1,never,1,1,1,0,1,1
Work,Alone,Sunny,80,7AM,Carry out & Take away,1d,Female,50plus,Single,0,Bachelors degree,Unemployed,Less than $12500,,never,never,less1,less1,never,1,1,1,0,1,1
Work,Alone,Sunny,80,7AM,Carry out & Take away,1d,Male,26,Single,0,Bachelors degree,Sales & Related,$75000 - $87499,,never,never,1~3,1~3,1~3,1,1,1,0,1,0
Work,Alone,Sunny,80,7AM,Carry out & Take away,1d,Male,26,Single,0,Bachelors degree,Sales & Related,$75000 - $87499,,never,never,1~3,1~3,1~3,1,1,1,0,1,0
Work,Alone,Sunny,80,7AM,Carry out & Take away,1d,Female,41,Single,1,Some college - no degree,Business & Financial,$12500 - $24999,,never,less1,less1,less1,never,1,1,1,0,1,1
Work,Alone,Sunny,80,7AM,Carry out & Take away,1d,Female,41,Single,1,Some college - no degree,Business & Financial,$12500 - $24999,,never,less1,less1,less1,never,1,1,1,0,1,1
Work,Alone,Sunny,80,7AM,Carry out & Take away,1d,Male,below21,Single,0,Some college - no degree,Student,Less than $12500,,never,less1,gt8,1~3,never,1,1,1,0,1,1
Work,Alone,Sunny,80,7AM,Carry out & Take away,1d,Male,below21,Single,0,Some college - no degree,Student,Less than $12500,,never,less1,gt8,1~3,never,1,1,1,0,1,1
Work,Alone,Sunny,80,7AM,Carry out & Take away,1d,Male,26,Single,0,Associates degree,Management,$37500 - $49999,,4~8,1~3,4~8,1~3,less1,1,1,1,0,1,1
Work,Alone,Sunny,80,7AM,Carry out & Take away,1d,Male,26,Single,0,Associates degree,Management,$37500 - $49999,,4~8,1~3,4~8,1~3,less1,1,1,1,0,1,1
Work,Alone,Sunny,80,7AM,Carry out & Take away,1d,Female,31,Single,1,Bachelors degree,Production Occupations,$37500 - $49999,,less1,less1,4~8,,less1,1,1,1,0,1,0
Work,Alone,Sunny,80,7AM,Carry out & Take away,1d,Female,31,Single,1,Bachelors degree,Production Occupations,$37500 - $49999,,less1,less1,4~8,,less1,1,1,1,0,1,0
Work,Alone,Sunny,80,7AM,Carry out & Take away,1d,Male,21,Single,0,High School Graduate,Student,$50000 - $62499,,never,1~3,gt8,4~8,never,1,1,1,0,1,1
Work,Alone,Sunny,80,7AM,Carry out & Take away,1d,Male,21,Single,0,High School Graduate,Student,$50000 - $62499,,never,1~3,gt8,4~8,never,1,1,1,0,1,1
Work,Alone,Sunny,80,7AM,Carry out & Take away,1d,Male,21,Single,0,Some college - no degree,Student,$100000 or More,,less1,1~3,1~3,1~3,less1,1,1,1,0,1,1
Work,Alone,Sunny,80,7AM,Carry out & Take away,1d,Male,21,Single,0,Some college - no degree,Student,$100000 or More,,less1,1~3,1~3,1~3,less1,1,1,1,0,1,1
Work,Alone,Sunny,80,7AM,Carry out & Take away,1d,Female,41,Single,1,Associates degree,Sales & Related,$25000 - $37499,,less1,less1,4~8,4~8,1~3,1,1,1,0,1,0
Work,Alone,Sunny,80,7AM,Carry out & Take away,1d,Female,41,Single,1,Associates degree,Sales & Related,$25000 - $37499,,less1,less1,4~8,4~8,1~3,1,1,1,0,1,0
Work,Alone,Sunny,80,7AM,Carry out & Take away,1d,Female,50plus,Single,0,Graduate degree (Masters or Doctorate),Arts Design Entertainment Sports & Media,$37500 - $49999,,1~3,4~8,4~8,4~8,1~3,1,1,1,0,1,1
Work,Alone,Sunny,80,7AM,Carry out & Take away,1d,Female,50plus,Single,0,Graduate degree (Masters or Doctorate),Arts Design Entertainment Sports & Media,$37500 - $49999,,1~3,4~8,4~8,4~8,1~3,1,1,1,0,1,1
Work,Alone,Sunny,80,7AM,Carry out & Take away,1d,Female,21,Single,0,Some college - no degree,Student,Less than $12500,,gt8,gt8,1~3,less1,never,1,1,1,0,1,0
Work,Alone,Sunny,80,7AM,Carry out & Take away,1d,Female,21,Single,0,Some college - no degree,Student,Less than $12500,,gt8,gt8,1~3,less1,never,1,1,1,0,1,0
Work,Alone,Sunny,80,7AM,Carry out & Take away,1d,Female,50plus,Divorced,0,Graduate degree (Masters or Doctorate),Retired,$37500 - $49999,,never,never,4~8,1~3,never,1,1,1,0,1,1
Work,Alone,Sunny,80,7AM,Carry out & Take away,1d,Female,50plus,Divorced,0,Graduate degree (Masters or Doctorate),Retired,$37500 - $49999,,never,never,4~8,1~3,never,1,1,1,0,1,1
Work,Alone,Sunny,80,7AM,Carry out & Take away,1d,Female,26,Single,0,Bachelors degree,Unemployed,Less than $12500,,4~8,1~3,gt8,4~8,1~3,1,1,1,0,1,1
Work,Alone,Sunny,80,7AM,Carry out & Take away,1d,Female,26,Single,0,Bachelors degree,Unemployed,Less than $12500,,4~8,1~3,gt8,4~8,1~3,1,1,1,0,1,1
Work,Alone,Sunny,80,7AM,Carry out & Take away,1d,Female,26,Single,1,High School Graduate,Unemployed,Less than $12500,,less1,less1,4~8,1~3,never,1,1,1,0,1,0
Work,Alone,Sunny,80,7AM,Carry out & Take away,1d,Female,26,Single,1,High School Graduate,Unemployed,Less than $12500,,less1,less1,4~8,1~3,never,1,1,1,0,1,0
Work,Alone,Sunny,80,7AM,Carry out & Take away,1d,Female,50plus,Single,0,Graduate degree (Masters or Doctorate),Unemployed,Less than $12500,,never,gt8,1~3,less1,less1,1,1,1,0,1,1
Work,Alone,Sunny,80,7AM,Carry out & Take away,1d,Female,50plus,Single,0,Graduate degree (Masters or Doctorate),Unemployed,Less than $12500,,never,gt8,1~3,less1,less1,1,1,1,0,1,1
Work,Alone,Sunny,80,7AM,Carry out & Take away,1d,Male,41,Divorced,1,Associates degree,Arts Design Entertainment Sports & Media,$12500 - $24999,,4~8,4~8,1~3,1~3,less1,1,1,1,0,1,1
Work,Alone,Sunny,80,7AM,Carry out & Take away,1d,Male,41,Divorced,1,Associates degree,Arts Design Entertainment Sports & Media,$12500 - $24999,,4~8,4~8,1~3,1~3,less1,1,1,1,0,1,1
Work,Alone,Sunny,80,7AM,Carry out & Take away,1d,Female,31,Married partner,1,Graduate degree (Masters or Doctorate),Computer & Mathematical,$62500 - $74999,,less1,4~8,4~8,1~3,never,1,1,1,0,1,1
Work,Alone,Sunny,80,7AM,Carry out & Take away,1d,Female,31,Married partner,1,Graduate degree (Masters or Doctorate),Computer & Mathematical,$62500 - $74999,,less1,4~8,4~8,1~3,never,1,1,1,0,1,1
Work,Alone,Sunny,80,7AM,Carry out & Take away,1d,Female,36,Divorced,1,Graduate degree (Masters or Doctorate),Student,$12500 - $24999,,never,gt8,gt8,gt8,1~3,1,1,1,0,1,0
Work,Alone,Sunny,80,7AM,Carry out & Take away,1d,Female,36,Divorced,1,Graduate degree (Masters or Doctorate),Student,$12500 - $24999,,never,gt8,gt8,gt8,1~3,1,1,1,0,1,0
Work,Alone,Sunny,80,7AM,Carry out & Take away,1d,Female,26,Single,1,Some college - no degree,Office & Administrative Support,$37500 - $49999,,1~3,never,1~3,1~3,1~3,1,1,1,0,1,1
Work,Alone,Sunny,80,7AM,Carry out & Take away,1d,Female,26,Single,1,Some college - no degree,Office & Administrative Support,$37500 - $49999,,1~3,never,1~3,1~3,1~3,1,1,1,0,1,1
Work,Alone,Sunny,80,7AM,Carry out & Take away,1d,Male,26,Single,0,Associates degree,Unemployed,Less than $12500,,less1,less1,1~3,less1,less1,1,1,1,0,1,1
Work,Alone,Sunny,80,7AM,Carry out & Take away,1d,Male,26,Single,0,Associates degree,Unemployed,Less than $12500,,less1,less1,1~3,less1,less1,1,1,1,0,1,1
Work,Alone,Sunny,80,7AM,Carry out & Take away,1d,Male,41,Divorced,1,Bachelors degree,Sales & Related,$62500 - $74999,,never,never,4~8,1~3,never,1,1,1,0,1,1
Work,Alone,Sunny,80,7AM,Carry out & Take away,1d,Male,41,Divorced,1,Bachelors degree,Sales & Related,$62500 - $74999,,never,never,4~8,1~3,never,1,1,1,0,1,1
Work,Alone,Sunny,80,7AM,Carry out & Take away,1d,Female,50plus,Divorced,1,Graduate degree (Masters or Doctorate),Community & Social Services,$25000 - $37499,,never,1~3,less1,4~8,less1,1,1,1,0,1,1
Work,Alone,Sunny,80,7AM,Carry out & Take away,1d,Female,50plus,Divorced,1,Graduate degree (Masters or Doctorate),Community & Social Services,$25000 - $37499,,never,1~3,less1,4~8,less1,1,1,1,0,1,1
No Urgent Place,Alone,Sunny,80,10AM,Coffee House,1d,Female,31,Married partner,0,Some college - no degree,Computer & Mathematical,$100000 or More,,less1,less1,gt8,4~8,less1,1,1,0,0,1,1
No Urgent Place,Friend(s),Sunny,80,6PM,Coffee House,1d,Female,31,Married partner,0,Some college - no degree,Computer & Mathematical,$100000 or More,,less1,less1,gt8,4~8,less1,1,0,0,0,1,1
No Urgent Place,Friend(s),Rainy,55,10PM,Bar,2h,Female,31,Married partner,0,Some college - no degree,Computer & Mathematical,$100000 or More,,less1,less1,gt8,4~8,less1,1,1,0,0,1,0
No Urgent Place,Friend(s),Snowy,30,10AM,Carry out & Take away,1d,Female,31,Married partner,0,Some college - no degree,Computer & Mathematical,$100000 or More,,less1,less1,gt8,4~8,less1,1,1,0,0,1,1
No Urgent Place,Friend(s),Snowy,30,10PM,Carry out & Take away,1d,Female,31,Married partner,0,Some college - no degree,Computer & Mathematical,$100000 or More,,less1,less1,gt8,4~8,less1,1,1,0,0,1,1
No Urgent Place,Partner,Sunny,80,10PM,Restaurant(<20),1d,Female,31,Married partner,0,Some college - no degree,Computer & Mathematical,$100000 or More,,less1,less1,gt8,4~8,less1,1,1,0,0,1,1
No Urgent Place,Partner,Sunny,30,10AM,Bar,1d,Female,31,Married partner,0,Some college - no degree,Computer & Mathematical,$100000 or More,,less1,less1,gt8,4~8,less1,1,1,0,0,1,1
No Urgent Place,Partner,Rainy,55,10AM,Carry out & Take away,2h,Female,31,Married partner,0,Some college - no degree,Computer & Mathematical,$100000 or More,,less1,less1,gt8,4~8,less1,1,0,0,0,1,1
No Urgent Place,Partner,Rainy,55,2PM,Restaurant(<20),2h,Female,31,Married partner,0,Some college - no degree,Computer & Mathematical,$100000 or More,,less1,less1,gt8,4~8,less1,1,1,0,0,1,0
Home,Alone,Snowy,30,10PM,Restaurant(20-50),2h,Female,31,Married partner,0,Some college - no degree,Computer & Mathematical,$100000 or More,,less1,less1,gt8,4~8,less1,1,0,0,0,1,0
Home,Partner,Sunny,80,6PM,Coffee House,1d,Female,31,Married partner,0,Some college - no degree,Computer & Mathematical,$100000 or More,,less1,less1,gt8,4~8,less1,1,0,0,1,0,1
Home,Alone,Sunny,80,6PM,Bar,2h,Female,31,Married partner,0,Some college - no degree,Computer & Mathematical,$100000 or More,,less1,less1,gt8,4~8,less1,1,0,0,1,0,0
Work,Alone,Rainy,55,7AM,Restaurant(<20),2h,Female,31,Married partner,0,Some college - no degree,Computer & Mathematical,$100000 or More,,less1,less1,gt8,4~8,less1,1,1,1,0,1,0
Work,Alone,Snowy,30,7AM,Restaurant(<20),2h,Female,31,Married partner,0,Some college - no degree,Computer & Mathematical,$100000 or More,,less1,less1,gt8,4~8,less1,1,1,1,0,1,0
Work,Alone,Snowy,30,7AM,Restaurant(20-50),1d,Female,31,Married partner,0,Some college - no degree,Computer & Mathematical,$100000 or More,,less1,less1,gt8,4~8,less1,1,1,1,0,1,0
Work,Alone,Sunny,80,7AM,Restaurant(<20),1d,Female,31,Married partner,0,Some college - no degree,Computer & Mathematical,$100000 or More,,less1,less1,gt8,4~8,less1,1,0,0,1,0,1
No Urgent Place,Kid(s),Rainy,55,6PM,Carry out & Take away,2h,Male,46,Married partner,1,Graduate degree (Masters or Doctorate),Management,$87500 - $99999,,less1,1~3,1~3,less1,1~3,1,1,0,0,1,1
No Urgent Place,Kid(s),Rainy,55,10PM,Bar,1d,Male,46,Married partner,1,Graduate degree (Masters or Doctorate),Management,$87500 - $99999,,less1,1~3,1~3,less1,1~3,1,1,0,0,1,0
No Urgent Place,Kid(s),Snowy,30,6PM,Bar,1d,Male,46,Married partner,1,Graduate degree (Masters or Doctorate),Management,$87500 - $99999,,less1,1~3,1~3,less1,1~3,1,1,0,0,1,0
No Urgent Place,Alone,Sunny,55,6PM,Coffee House,2h,Male,46,Married partner,1,Graduate degree (Masters or Doctorate),Management,$87500 - $99999,,less1,1~3,1~3,less1,1~3,1,0,0,0,1,1
No Urgent Place,Friend(s),Sunny,80,6PM,Coffee House,1d,Male,46,Married partner,1,Graduate degree (Masters or Doctorate),Management,$87500 - $99999,,less1,1~3,1~3,less1,1~3,1,0,0,0,1,1
No Urgent Place,Friend(s),Rainy,55,10PM,Bar,2h,Male,46,Married partner,1,Graduate degree (Masters or Doctorate),Management,$87500 - $99999,,less1,1~3,1~3,less1,1~3,1,1,0,0,1,1
No Urgent Place,Kid(s),Sunny,80,2PM,Restaurant(20-50),1d,Male,46,Married partner,1,Graduate degree (Masters or Doctorate),Management,$87500 - $99999,,less1,1~3,1~3,less1,1~3,1,0,0,0,1,1
No Urgent Place,Kid(s),Sunny,55,2PM,Coffee House,1d,Male,46,Married partner,1,Graduate degree (Masters or Doctorate),Management,$87500 - $99999,,less1,1~3,1~3,less1,1~3,1,1,0,0,1,1
Home,Alone,Sunny,30,6PM,Carry out & Take away,2h,Male,46,Married partner,1,Graduate degree (Masters or Doctorate),Management,$87500 - $99999,,less1,1~3,1~3,less1,1~3,1,1,0,1,0,1
Home,Alone,Snowy,30,6PM,Coffee House,1d,Male,46,Married partner,1,Graduate degree (Masters or Doctorate),Management,$87500 - $99999,,less1,1~3,1~3,less1,1~3,1,1,0,0,1,0
Home,Alone,Sunny,80,6PM,Bar,2h,Male,46,Married partner,1,Graduate degree (Masters or Doctorate),Management,$87500 - $99999,,less1,1~3,1~3,less1,1~3,1,0,0,1,0,1
Home,Partner,Sunny,30,10PM,Carry out & Take away,2h,Male,46,Married partner,1,Graduate degree (Masters or Doctorate),Management,$87500 - $99999,,less1,1~3,1~3,less1,1~3,1,1,0,0,1,1
Work,Alone,Rainy,55,7AM,Restaurant(<20),2h,Male,46,Married partner,1,Graduate degree (Masters or Doctorate),Management,$87500 - $99999,,less1,1~3,1~3,less1,1~3,1,1,1,0,1,0
Work,Alone,Snowy,30,7AM,Restaurant(20-50),1d,Male,46,Married partner,1,Graduate degree (Masters or Doctorate),Management,$87500 - $99999,,less1,1~3,1~3,less1,1~3,1,1,1,0,1,0
Work,Alone,Sunny,80,7AM,Restaurant(<20),1d,Male,46,Married partner,1,Graduate degree (Masters or Doctorate),Management,$87500 - $99999,,less1,1~3,1~3,less1,1~3,1,0,0,1,0,1
No Urgent Place,Alone,Sunny,80,10AM,Coffee House,1d,Female,31,Married partner,0,Some college - no degree,Computer & Mathematical,$100000 or More,,less1,less1,gt8,4~8,less1,1,1,0,0,1,1
No Urgent Place,Friend(s),Sunny,80,6PM,Coffee House,1d,Female,31,Married partner,0,Some college - no degree,Computer & Mathematical,$100000 or More,,less1,less1,gt8,4~8,less1,1,0,0,0,1,1
No Urgent Place,Friend(s),Rainy,55,10PM,Bar,2h,Female,31,Married partner,0,Some college - no degree,Computer & Mathematical,$100000 or More,,less1,less1,gt8,4~8,less1,1,1,0,0,1,0
No Urgent Place,Friend(s),Snowy,30,10AM,Carry out & Take away,1d,Female,31,Married partner,0,Some college - no degree,Computer & Mathematical,$100000 or More,,less1,less1,gt8,4~8,less1,1,1,0,0,1,1
No Urgent Place,Friend(s),Snowy,30,10PM,Carry out & Take away,1d,Female,31,Married partner,0,Some college - no degree,Computer & Mathematical,$100000 or More,,less1,less1,gt8,4~8,less1,1,1,0,0,1,1
No Urgent Place,Partner,Sunny,80,10PM,Restaurant(<20),1d,Female,31,Married partner,0,Some college - no degree,Computer & Mathematical,$100000 or More,,less1,less1,gt8,4~8,less1,1,1,0,0,1,1
No Urgent Place,Partner,Sunny,30,10AM,Bar,1d,Female,31,Married partner,0,Some college - no degree,Computer & Mathematical,$100000 or More,,less1,less1,gt8,4~8,less1,1,1,0,0,1,1
No Urgent Place,Partner,Rainy,55,10AM,Carry out & Take away,2h,Female,31,Married partner,0,Some college - no degree,Computer & Mathematical,$100000 or More,,less1,less1,gt8,4~8,less1,1,0,0,0,1,1
No Urgent Place,Partner,Rainy,55,2PM,Restaurant(<20),2h,Female,31,Married partner,0,Some college - no degree,Computer & Mathematical,$100000 or More,,less1,less1,gt8,4~8,less1,1,1,0,0,1,0
Home,Alone,Snowy,30,10PM,Restaurant(20-50),2h,Female,31,Married partner,0,Some college - no degree,Computer & Mathematical,$100000 or More,,less1,less1,gt8,4~8,less1,1,0,0,0,1,0
Home,Partner,Sunny,80,6PM,Coffee House,1d,Female,31,Married partner,0,Some college - no degree,Computer & Mathematical,$100000 or More,,less1,less1,gt8,4~8,less1,1,0,0,1,0,1
Home,Alone,Sunny,80,6PM,Bar,2h,Female,31,Married partner,0,Some college - no degree,Computer & Mathematical,$100000 or More,,less1,less1,gt8,4~8,less1,1,0,0,1,0,0
Work,Alone,Rainy,55,7AM,Restaurant(<20),2h,Female,31,Married partner,0,Some college - no degree,Computer & Mathematical,$100000 or More,,less1,less1,gt8,4~8,less1,1,1,1,0,1,0
Work,Alone,Snowy,30,7AM,Restaurant(<20),2h,Female,31,Married partner,0,Some college - no degree,Computer & Mathematical,$100000 or More,,less1,less1,gt8,4~8,less1,1,1,1,0,1,0
Work,Alone,Snowy,30,7AM,Restaurant(20-50),1d,Female,31,Married partner,0,Some college - no degree,Computer & Mathematical,$100000 or More,,less1,less1,gt8,4~8,less1,1,1,1,0,1,0
Work,Alone,Sunny,80,7AM,Restaurant(<20),1d,Female,31,Married partner,0,Some college - no degree,Computer & Mathematical,$100000 or More,,less1,less1,gt8,4~8,less1,1,0,0,1,0,1
No Urgent Place,Kid(s),Rainy,55,6PM,Carry out & Take away,2h,Male,46,Married partner,1,Graduate degree (Masters or Doctorate),Management,$87500 - $99999,,less1,1~3,1~3,less1,1~3,1,1,0,0,1,1
No Urgent Place,Kid(s),Rainy,55,10PM,Bar,1d,Male,46,Married partner,1,Graduate degree (Masters or Doctorate),Management,$87500 - $99999,,less1,1~3,1~3,less1,1~3,1,1,0,0,1,0
No Urgent Place,Kid(s),Snowy,30,6PM,Bar,1d,Male,46,Married partner,1,Graduate degree (Masters or Doctorate),Management,$87500 - $99999,,less1,1~3,1~3,less1,1~3,1,1,0,0,1,0
No Urgent Place,Alone,Sunny,55,6PM,Coffee House,2h,Male,46,Married partner,1,Graduate degree (Masters or Doctorate),Management,$87500 - $99999,,less1,1~3,1~3,less1,1~3,1,0,0,0,1,1
No Urgent Place,Friend(s),Sunny,80,6PM,Coffee House,1d,Male,46,Married partner,1,Graduate degree (Masters or Doctorate),Management,$87500 - $99999,,less1,1~3,1~3,less1,1~3,1,0,0,0,1,1
No Urgent Place,Friend(s),Rainy,55,10PM,Bar,2h,Male,46,Married partner,1,Graduate degree (Masters or Doctorate),Management,$87500 - $99999,,less1,1~3,1~3,less1,1~3,1,1,0,0,1,1
No Urgent Place,Kid(s),Sunny,80,2PM,Restaurant(20-50),1d,Male,46,Married partner,1,Graduate degree (Masters or Doctorate),Management,$87500 - $99999,,less1,1~3,1~3,less1,1~3,1,0,0,0,1,1
No Urgent Place,Kid(s),Sunny,55,2PM,Coffee House,1d,Male,46,Married partner,1,Graduate degree (Masters or Doctorate),Management,$87500 - $99999,,less1,1~3,1~3,less1,1~3,1,1,0,0,1,1
Home,Alone,Sunny,30,6PM,Carry out & Take away,2h,Male,46,Married partner,1,Graduate degree (Masters or Doctorate),Management,$87500 - $99999,,less1,1~3,1~3,less1,1~3,1,1,0,1,0,1
Home,Alone,Snowy,30,6PM,Coffee House,1d,Male,46,Married partner,1,Graduate degree (Masters or Doctorate),Management,$87500 - $99999,,less1,1~3,1~3,less1,1~3,1,1,0,0,1,0
Home,Alone,Sunny,80,6PM,Bar,2h,Male,46,Married partner,1,Graduate degree (Masters or Doctorate),Management,$87500 - $99999,,less1,1~3,1~3,less1,1~3,1,0,0,1,0,1
Home,Partner,Sunny,30,10PM,Carry out & Take away,2h,Male,46,Married partner,1,Graduate degree (Masters or Doctorate),Management,$87500 - $99999,,less1,1~3,1~3,less1,1~3,1,1,0,0,1,1
Work,Alone,Rainy,55,7AM,Restaurant(<20),2h,Male,46,Married partner,1,Graduate degree (Masters or Doctorate),Management,$87500 - $99999,,less1,1~3,1~3,less1,1~3,1,1,1,0,1,0
Work,Alone,Snowy,30,7AM,Restaurant(20-50),1d,Male,46,Married partner,1,Graduate degree (Masters or Doctorate),Management,$87500 - $99999,,less1,1~3,1~3,less1,1~3,1,1,1,0,1,0
Work,Alone,Sunny,80,7AM,Restaurant(<20),1d,Male,46,Married partner,1,Graduate degree (Masters or Doctorate),Management,$87500 - $99999,,less1,1~3,1~3,less1,1~3,1,0,0,1,0,1
